global_distance_rank,Qe_mg_g,inside_8_to_16,global_neighbour,range_neighbour
1,7.0,0,1,0
2,5.99,0,0,0
3,10.0,1,0,1
4,10.98,1,0,0
5,11.53,1,0,0
6,12.02,1,0,0
7,13.02,1,0,0
8,12.44,1,0,0
9,21.25,0,0,0
10,9.24,1,0,0
11,24.89,0,0,0
12,13.7,1,0,0
13,12.33,1,0,0
14,14.36,1,0,0
15,16.01,0,0,0
16,22.99,0,0,0
17,15.13,1,0,0
18,17.11,0,0,0
19,18.7,0,0,0
20,20.13,0,0,0
21,22.05,0,0,0
22,24.64,0,0,0
23,27.33,0,0,0
24,22.15,0,0,0
25,9.306,1,0,0
26,7.63,0,0,0
27,4.104,0,0,0
28,2.948,0,0,0
29,12.081,1,0,0
30,5.58,0,0,0
31,4.31,0,0,0
32,3.39,0,0,0
33,1.83,0,0,0
34,7.14,0,0,0
35,9.73,1,0,0
36,6.04,0,0,0
37,1.86,0,0,0
38,16.094,0,0,0
39,7.75,0,0,0
40,13.66,1,0,0
41,17.861,0,0,0
42,8.25,1,0,0
43,18.15,0,0,0
44,8.42,1,0,0
45,14.97,1,0,0
46,28.14,0,0,0
47,21.3,0,0,0
48,18.03,0,0,0
49,15.8,1,0,0
50,39.74,0,0,0
51,5.723,0,0,0
52,5.029,0,0,0
53,4.335,0,0,0
54,2.775,0,0,0
55,1.214,0,0,0
56,6.879,0,0,0
57,2.36,0,0,0
58,2.28,0,0,0
59,1.11,0,0,0
60,6.45,0,0,0
61,5.44,0,0,0
62,3.47,0,0,0
63,1.15,0,0,0
64,7.15,0,0,0
65,45.539,0,0,0
66,8.035,1,0,0
67,4.08,0,0,0
68,7.96,0,0,0
69,18.15,0,0,0
70,8.42,1,0,0
71,14.77,1,0,0
72,25.28,0,0,0
73,27.79,0,0,0
74,4.42,0,0,0
75,8.11,1,0,0
76,9.191,1,0,0
77,4.64,0,0,0
78,8.26,1,0,0
79,9.31,1,0,0
80,7.63,0,0,0
81,4.1,0,0,0
82,2.95,0,0,0
83,12.08,1,0,0
84,10.0,1,0,0
85,10.0,1,0,0
86,16.07,0,0,0
87,10.0,1,0,0
88,5.24,0,0,0
89,10.0,1,0,0
90,10.0,1,0,0
91,17.86,0,0,0
92,10.0,1,0,0
93,18.15,0,0,0
94,10.0,1,0,0
95,4.67,0,0,0
96,8.11,1,0,0
97,5.72,0,0,0
98,5.03,0,0,0
99,2.77,0,0,0
100,1.16,0,0,0
101,6.88,0,0,0
102,8.03,1,0,0
103,18.21,0,0,0
104,10.0,1,0,0
105,8.84,1,0,0
106,9.13,1,0,0
107,9.25,1,0,0
108,18.2659,0,0,0
109,9.37,1,0,0
110,8.5,1,0,0
111,14.12,1,0,0
112,14.87,1,0,0
113,14.05,1,0,0
114,8.29,1,0,0
115,15.85,1,0,0
116,9.22,1,0,0
117,14.12,1,0,0
118,49.26,0,0,0
119,24.71,0,0,0
120,7.7,0,0,0
121,9.191,1,0,0
122,5.1,0,0,0
123,4.61,0,0,0
124,47.7,0,0,0
125,16.91,0,0,0
126,7.41,0,0,0
127,8.21,1,0,0
128,18.15,0,0,0
129,21.89,0,0,0
130,19.74,0,0,0
131,18.27,0,0,0
132,24.47,0,0,0
133,10.0,1,0,0
134,26.78,0,0,0
135,27.88,0,0,0
136,27.6,0,0,0
137,4.42,0,0,0
138,4.0,0,0,0
139,9.71,1,0,0
140,9.19,1,0,0
141,5.0,0,0,0
142,18.66,0,0,0
143,17.77,0,0,0
144,19.58,0,0,0
145,21.01,0,0,0
146,23.15,0,0,0
147,25.24,0,0,0
148,27.38,0,0,0
149,29.03,0,0,0
150,28.19,0,0,0
151,30.07,0,0,0
152,30.46,0,0,0
153,8.01,1,0,0
154,6.02,0,0,0
155,4.99,0,0,0
156,9.01,1,0,0
157,9.31,1,0,0
158,9.52,1,0,0
159,9.8,1,0,0
160,23.94,0,0,0
161,23.12,0,0,0
162,22.0,0,0,0
163,26.77,0,0,0
164,27.67,0,0,0
165,27.53,0,0,0
166,9.99,1,0,0
167,28.36,0,0,0
168,28.43,0,0,0
169,37.4,0,0,0
170,42.67,0,0,0
171,44.19,0,0,0
172,44.5,0,0,0
173,45.0,0,0,0
174,45.02,0,0,0
175,28.95,0,0,0
176,43.31,0,0,0
177,40.12,0,0,0
178,46.11,0,0,0
179,46.99,0,0,0
180,48.42,0,0,0
181,48.74,0,0,0
182,50.18,0,0,0
183,50.26,0,0,0
184,50.34,0,0,0
185,50.66,0,0,0
186,18.1,0,0,0
187,17.22,0,0,0
188,19.09,0,0,0
189,20.74,0,0,0
190,22.44,0,0,0
191,23.92,0,0,0
192,26.01,0,0,0
193,27.82,0,0,0
194,28.26,0,0,0
195,19.73,0,0,0
196,10.0,1,0,0
197,21.68,0,0,0
198,28.96,0,0,0
199,10.722,1,0,0
200,16.22,0,0,0
201,23.83,0,0,0
202,16.938,0,0,0
203,24.024,0,0,0
204,32.904,0,0,0
205,9.67,1,0,0
206,17.68,0,0,0
207,10.608,1,0,0
208,47.3,0,0,0
209,45.24,0,0,0
210,47.86,0,0,0
211,32.57,0,0,0
212,48.98,0,0,0
213,49.86,0,0,0
214,50.34,0,0,0
215,50.4,0,0,0
216,50.45,0,0,0
217,50.54,0,0,0
218,50.61,0,0,0
219,0.5,0,0,0
220,9.46,1,0,0
221,37.39,0,0,0
222,0.5,0,0,0
223,22.824,0,0,0
224,0.5,0,0,0
225,29.184,0,0,0
226,23.63,0,0,0
227,0.5,0,0,0
228,5.0,0,0,0
229,4.46,0,0,0
230,71.0,0,0,0
231,0.5,0,0,0
232,146.9,0,0,0
233,10.51,1,0,0
234,115.4,0,0,0
235,86.33,0,0,0
236,100.254,0,0,0
237,18.34,0,0,0
238,30.48,0,0,0
239,10.06,1,0,0
240,10.53,1,0,0
241,16.056,0,0,0
242,32.37,0,0,0
243,28.746,0,0,0
244,40.782,0,0,0
245,64.79,0,0,0
246,25.66,0,0,0
247,47.65,0,0,0
248,48.82,0,0,0
249,33.37,0,0,0
250,49.54,0,0,0
251,50.5,0,0,0
252,50.94,0,0,0
253,51.0,0,0,0
254,51.02,0,0,0
255,51.05,0,0,0
256,31.66,0,0,0
257,11.84,1,0,0
258,15.07,1,0,0
259,10.464,1,0,0
260,15.762,1,0,0
261,28.56,0,0,0
262,14.09,1,0,0
263,40.644,0,0,0
264,7.0,0,0,0
265,6.49,0,0,0
266,4.99,0,0,0
267,7.72,0,0,0
268,7.72,0,0,0
269,7.72,0,0,0
270,7.72,0,0,0
271,7.72,0,0,0
272,8.0,1,0,0
273,8.0,1,0,0
274,8.0,1,0,0
275,11.49,1,0,0
276,19.87,0,0,0
277,20.45,0,0,0
278,5.0,0,0,0
279,19.352,0,0,0
