method,MAE_log10,bootstrap_95_low,bootstrap_95_high
JEV fusion,0.11149468278838799,0.07613260432135012,0.15213269005735439
Retrieval,0.11949466529333226,0.08428749317962171,0.1600825014469031
LightGBM,0.12282110631680485,0.09092922992520525,0.15892748327019246
Decision tree,0.1364121154695679,0.10116853729939482,0.17997429071112642
HistGB,0.1378081656709275,0.10229327659473265,0.17852897120626368
JEV local NN,0.1403104249759821,0.09643627787422837,0.191148416244004
Gradient boost,0.14421410439786483,0.11145784938283519,0.18049205085600906
JEV quantile,0.19217876619029786,0.1470312608346587,0.24354809272642222
JEV geometric,0.22322882516791615,0.17089538942717888,0.28213083121394184
Lasso,0.2545591425794485,0.20282871768266209,0.31045913237980055
SVR,0.26177257402958726,0.19424128729014722,0.3376009227263865
MLP,0.8138711445062159,0.7097676786606677,0.9270629005463683
